Index,Price,Open,High,Low,Vol.,Change %
1,370.75,373,373.25,369.5,137.27K,-0.94%
2,367,370.5,371,366,165.33K,-1.01%
3,365.75,365.5,365.75,365.5,-,-0.34%
4,369.5,365.5,370.5,365.5,140.54K,1.03%
5,370.25,369.25,372.5,368,136.63K,0.20%
6,368.25,369.5,369.75,367.75,114.26K,-0.54%
7,361,367.75,368.25,360.5,262.81K,-1.97%
8,367.75,361.75,369.75,361.75,220.03K,1.87%
9,368.25,368.5,368.5,368.25,-,0.14%
10,366.75,368,371.5,365.5,142.75K,-0.41%
11,364.75,366.75,368,364.25,137.33K,-0.55%
12,363.25,364.75,365.25,362.5,163.23K,-0.41%
13,366.75,363.25,371,363,304.75K,0.96%
14,371.25,366.25,373,365.25,242.63K,1.23%
15,371,371,371,371,-,-0.07%
16,374,371,374.25,369.5,191.62K,0.81%
17,373.25,373.75,374.5,372,206.08K,-0.20%
18,372.25,372.25,373.25,371,233.52K,-0.27%
19,373.5,372,379,366,432.34K,0.34%
20,369.75,372.75,374,368.25,212.42K,-1.00%
21,371.25,369,372.5,368,176.02K,0.41%
22,366.5,369.5,370.75,365.5,178.86K,-1.28%
23,367,366,368,365.75,121.77K,0.14%
24,367.5,366.75,371.75,366.5,182.15K,0.14%
25,364.75,367.25,368.75,363.25,180.97K,-0.75%
26,362.25,364.75,366.25,361.25,179.46K,-0.69%
27,361.25,362.75,363.5,361.25,146.93K,-0.28%
28,361.75,361.25,363.25,360,184.08K,0.14%
29,361.25,361.25,361.25,361.25,-,-0.14%
30,359,361,361.75,358.75,174.04K,-0.62%
31,356,359.5,360.5,355.25,331.20K,-0.84%
32,356.5,356,358.5,355.5,248.13K,0.14%
33,360.5,356.25,361.5,356,221.95K,1.12%
34,360.25,360.5,363,359,186.62K,-0.07%
35,366.5,360.75,366.75,360.5,17.99K,1.73%
36,371.25,372.75,374,369.5,7.58K,1.30%
37,374.25,370,374.25,369.5,2.93K,0.81%
38,374.25,373.5,376,372.5,2.09K,0.00%
39,372,374,374.5,369.25,2.30K,-0.60%
40,374,371.75,374.75,371.5,2.24K,0.54%
41,374.25,374.25,376,372.75,1.66K,0.07%
42,375,373.75,376.5,372.75,1.37K,0.20%
43,376.25,375.5,378,375.5,0.63K,0.33%
44,375.5,375,377.5,374,0.23K,-0.20%
45,376.75,378,379,374.25,0.36K,0.33%
46,384,384.25,386,383.25,97.62K,1.92%
47,385.5,383.75,386.5,383.25,131.88K,0.39%
48,381.75,385,385.25,381.5,107.24K,-0.97%
49,375.25,381.75,382.75,375,205.50K,-1.70%
50,378.5,375.5,379.5,374.75,138.73K,0.87%
51,377.75,378.25,379,375.25,54.84K,-0.20%
52,373.25,378.25,379.25,372.5,97.15K,-1.19%
53,374.5,373.25,376.5,373.25,96.24K,0.33%
54,375.5,374.5,377.5,374.5,89.17K,0.27%
55,375,375.5,377,372.75,91.13K,-0.13%
56,375.75,375.25,377.75,374,104.72K,0.20%
57,379.75,375.5,380.5,374.75,101.46K,1.06%
58,383,380,383.5,379.75,178.17K,0.86%
59,382.25,382.75,382.75,382,-,-0.20%
60,382.25,382.25,384,381.75,110.62K,0.00%
61,380,382.5,384.5,379,172.29K,-0.59%
62,382,380.5,383.5,380.5,192.06K,0.53%
63,376.25,381.5,382.75,376,181.39K,-1.51%
64,378.25,377,379.25,376.75,131.82K,0.53%
65,378.5,378.25,378.5,378.25,-,0.07%
66,378.5,378.5,381,377,144.74K,0.00%
67,371.25,379.5,381,371,251.26K,-1.92%
68,374,372.75,375,372.5,164.72K,0.74%
69,380,374,381.5,373.75,207.63K,1.60%
70,381.75,379.75,383,377.75,191.03K,0.46%
71,380.5,380.5,380.5,380.5,-,-0.33%
72,379,380.75,382.25,376.75,211.43K,-0.39%
73,378.75,379.5,381.75,378,127.61K,-0.07%
74,377,378.75,379.75,375.75,124.11K,-0.46%
75,380.25,377,380.5,376,134.09K,0.86%
76,379.75,380,380,379.75,-,-0.13%
77,379.75,379.5,381,378,102.14K,0.00%
78,377.25,379.75,380.75,376,187.02K,-0.66%
79,381.25,377.75,381.5,377.5,198.90K,1.06%
80,376.5,381,381.5,375.75,205.75K,-1.25%
81,378.25,376.5,380.75,376.5,151.47K,0.46%
82,378.25,378.25,378.25,378.25,-,0.00%
83,379.25,377.75,379.75,376.5,145.83K,0.26%
84,380.75,379.5,381.25,377,171.95K,0.40%
85,380,380.5,380.75,379,145.15K,-0.20%
86,376.5,379.75,380.25,376.25,259.74K,-0.92%
87,374.25,376.5,381.75,374,340.78K,-0.60%
88,374.5,374.25,374.5,374.25,-,0.07%
89,372.75,374.5,375,371.75,309.36K,-0.47%
90,378.25,373.5,378.75,373,291.26K,1.48%
91,378.75,377.5,379,376.25,243.88K,0.13%
92,374.75,378.75,379,374,225.29K,-1.06%
93,374.75,374.75,376.5,373,209.10K,0.00%
94,374.75,374.75,374.75,374.75,-,0.00%
95,375,374.75,375,374.75,-,0.07%
96,369.75,374.25,376.25,369,230.71K,-1.40%
97,370.75,371.5,373.5,368.5,310.67K,0.27%
98,375.5,371,378.5,370.5,257.19K,1.28%
99,375.25,374.75,377.75,374.5,316.66K,-0.07%
100,370.5,377.75,378.5,370,344.71K,-1.27%
101,366.25,370.75,371.25,365.5,242.77K,-1.15%
102,363.75,366,368.25,362.5,189.22K,-0.68%
103,362,363.75,364.75,361.25,23.51K,-0.48%
104,364,361.75,364,357.5,12.36K,0.55%
105,365,365.25,368,364.5,5.27K,0.27%
106,366,366,367.25,364.5,4.57K,0.27%
107,362.5,366,366,361,2.92K,-0.96%
108,356,362.25,362.25,355.75,2.48K,-1.79%
109,354.75,357.75,358.25,354,2.27K,-0.35%
110,352.5,357.5,357.5,353,1.75K,-0.63%
111,356.5,353.25,357.75,352.75,0.80K,1.13%
112,357.25,357.25,359.5,355,0.32K,0.21%
113,361.5,360.25,363.25,360,0.39K,1.19%
114,373.25,369.25,373.75,369,197.27K,3.25%
115,371.5,374,375.5,370.25,169.24K,-0.47%
116,371.25,372,373.75,367.75,159.38K,-0.07%
117,371.5,371.5,372.5,368.75,101.48K,0.07%
118,376.25,371,377.5,370.5,220.23K,1.28%
119,378.25,375.75,380.75,375.5,222.58K,0.53%
120,379.75,378.75,380.75,376.75,155.85K,0.40%
121,377.25,379.25,380.5,375.5,165.18K,-0.66%
122,373.75,376.75,377,372,127.92K,-0.93%
123,374,373.75,374.75,372,105.83K,0.07%
124,356.5,373.75,375,356,441.01K,-4.68%
125,361.75,356.5,363,356.5,239.35K,1.47%
126,361.5,362.25,363.5,359.25,117.19K,-0.07%
127,362.75,361.25,364.75,360.5,135.85K,0.35%
128,365.25,362.75,366.25,362.75,159.33K,0.69%
129,362.5,364.5,364.75,360.5,273.06K,-0.75%
130,360,362.25,363.5,359.5,269.56K,-0.69%
131,360,359.75,362.25,355.25,275.45K,0.00%
132,361.75,360.25,362.75,360,253.30K,0.49%
133,360,361.25,363,358.5,264.73K,-0.48%
134,361,360.25,361.5,358.5,95.87K,0.28%
135,362.75,361.25,364.25,361,208.54K,0.48%
136,359,362.5,362.5,357.25,192.35K,-1.03%
137,358.25,358.25,360,356.75,148.18K,-0.21%
138,358.5,358,359.25,357,102.30K,0.07%
139,358.5,358.5,358.5,358.5,-,0.00%
140,354.75,359,359,354.25,144.71K,-1.05%
141,351.25,354.75,355,350.25,194.77K,-0.99%
142,346.75,351,352.5,345.5,241.39K,-1.28%
143,347.5,346,351,342.25,236.88K,0.22%
144,351.25,347.25,353.5,347,166.75K,1.08%
145,352,353.25,356,351.25,250.77K,0.21%
146,353.25,352.25,354,349.25,14.38K,0.36%
147,360,353.5,360.5,353.5,8.29K,1.91%
148,362,361,362.5,358.5,4.31K,0.56%
149,363,362.25,363.25,359.5,1.65K,0.28%
150,355.75,352.5,356,349,1.71K,-2.00%
151,358,357,359.25,355,1.16K,0.63%
152,355.25,356.5,356.5,353.25,0.86K,-0.77%
153,344.5,350,350,344,0.66K,-3.03%
154,342.5,346.5,346.5,338.25,0.31K,-0.58%
155,347.5,335.5,348.25,335.5,0.29K,1.46%
156,360.5,354.25,360.75,353.5,0.20K,3.74%
157,369.5,369,380,368,336.99K,2.50%
158,379,368.75,380.75,368.75,248.51K,2.57%
159,383.25,380,384.75,380,319.50K,1.12%
160,389,386,391.5,385.75,358.73K,1.50%
161,394.25,393.25,399,391.25,451.26K,1.35%
162,394.5,393.25,396.5,386.25,291.26K,0.06%
163,389.75,394,399,387,340.12K,-1.20%
164,404.25,390.5,404.75,389.75,299.95K,3.72%
165,420.25,408,421,407.5,417.68K,3.96%
166,418.75,429.25,438,412.25,484.44K,-0.36%
167,436.25,416.5,436.75,413.25,324.91K,4.18%
168,427,435,437.5,423.25,302.17K,-2.12%
169,424.25,426.25,430.75,418.25,288.44K,-0.64%
170,425.25,435,436,421.25,306.70K,0.24%
171,414.75,424.25,424.75,412.25,231.86K,-2.47%
172,420.5,414.5,421.5,407,279.01K,1.39%
173,415.75,421,423.5,415,227.75K,-1.13%
174,415.75,413,416.5,409,279.95K,0.00%
175,427.75,415,430.25,408.25,360.32K,2.89%
176,430,427.75,434.5,424,331.36K,0.53%
177,442,429.75,442.75,429.5,402.15K,2.79%
178,453,442,457.25,441.75,312.81K,2.49%
179,454.75,458.25,464.25,450.5,279.48K,0.39%
180,449.75,455.5,458,442.75,221.47K,-1.10%
181,441,449.75,451.75,438.25,193.33K,-1.95%
182,450,441.5,450.75,436.5,198.63K,2.04%
183,442.25,452,454,441.75,251.09K,-1.72%
184,446.75,442.25,447.75,440.25,172.09K,1.02%
185,447.5,451,453,446.5,158.43K,0.17%
186,443.25,447,447.25,440.75,158.88K,-0.95%
187,440,443,445.5,438.5,141.13K,-0.73%
188,420.25,439,455,411,34.51K,-4.49%
189,412,424.25,424.75,410.25,13.48K,-1.96%
190,413.5,412.5,415.5,408.25,6.53K,0.36%
191,433,417,433.75,417,3.47K,4.72%
192,434,433,435.5,427,2.13K,0.23%
193,438.5,440.75,442.75,432,2.08K,1.04%
194,431.75,437.25,437.75,429.25,0.45K,-1.54%
195,434.25,430,434.75,428,0.49K,0.58%
196,447.75,433.25,448,433.25,0.60K,3.11%
197,449.5,447.75,457,447.75,0.27K,0.39%
198,441,459.25,460,439.75,164.47K,-1.89%
199,435.25,437.75,440.75,429,144.49K,-1.30%
200,436,435.25,441.5,431.5,125.87K,0.17%
201,424.5,435,436,423.25,156.00K,-2.64%
202,430.75,425.5,434,423.75,114.52K,1.47%
203,422.25,430.75,432.25,421,110.95K,-1.97%
204,425.5,423.75,426.5,418.25,131.11K,0.77%
205,424,425,430.5,421.5,93.16K,-0.35%
206,418.5,424,425.75,418,172.28K,-1.30%
207,414.5,418.25,419.5,413,120.75K,-0.96%
208,417,413.25,419.5,412,90.11K,0.60%
209,411.25,417,417,410.25,81.03K,-1.38%
210,400.25,410.75,413.75,400,151.79K,-2.67%
211,392.75,401.75,403,387.25,145.33K,-1.87%
212,399.5,394.75,400,393.5,90.36K,1.72%
213,405.25,400,406.75,391,109.69K,1.44%
214,404,405.75,408,400.75,113.07K,-0.31%
215,406.5,404.75,407.5,400.5,167.53K,0.62%
216,411,407.25,412,405.5,184.79K,1.11%
217,410.25,410.75,417,407.25,185.37K,-0.18%
218,385.25,409.75,410,385.25,248.13K,-6.09%
219,366,379,379,365.5,312.97K,-5.00%
220,359,366.25,370.5,358.5,185.09K,-1.91%
221,360.75,360.25,363.75,358.25,108.78K,0.49%
222,371,361.5,371.25,361.25,104.81K,2.84%
223,365,367.25,368.25,363.25,78.54K,-1.62%
224,359.5,366.5,370.25,359.25,89.47K,-1.51%
225,362.5,360,364,357,125.86K,0.83%
226,363.25,363,366.5,359,99.25K,0.21%
227,359.75,362.75,363,357.5,169.87K,-0.96%
228,358.5,358,362,357,122.54K,-0.35%
229,357,359,360,356.75,129.89K,-0.42%
230,362.75,357.25,365.5,355.25,172.93K,1.61%
231,359.75,363,369,357.5,122.79K,-0.83%
232,358,359.75,364.5,356.75,11.24K,-0.49%
233,349.75,358.75,359,349,5.34K,-2.30%
234,346,350.5,351,344.5,3.85K,-1.07%
235,346.5,346.5,349.75,346.5,1.81K,0.14%
236,342.5,347.5,348.25,341.5,1.36K,-1.15%
237,340.75,343.25,343.25,340,0.94K,-0.51%
238,348.5,344,349.5,344,0.31K,2.27%
239,348.25,349.75,349.75,344.75,0.33K,-0.07%
240,354.5,349.75,353.75,349.5,0.15K,1.79%
241,355.5,358.5,358.5,358.5,0.12K,0.28%
242,374,372,374.75,367.5,133.44K,5.20%
243,368,374,374.25,366,154.63K,-1.60%
244,371.25,367.75,372,365.75,126.83K,0.88%
245,372.75,371.5,373.75,369.5,117.07K,0.40%
246,370.75,372.75,374.5,369.5,133.00K,-0.54%
247,373.25,371.25,374.5,371,100.44K,0.67%
248,374.75,372,376,370.25,144.29K,0.40%
249,374.25,375.25,377.5,372.25,119.19K,-0.13%
250,372.5,373.5,375.75,368.25,175.42K,-0.47%
251,371.5,371.25,373,369.75,90.80K,-0.27%
252,388,372,388.25,371.5,337.25K,4.44%
253,392.5,386.75,392.75,385.25,227.07K,1.16%
254,387.75,390.5,391.75,385.5,158.92K,-1.21%
255,388.75,387,390.75,385.5,125.49K,0.26%
256,384.75,388,389,383.75,116.34K,-1.03%
257,387,387.5,387.75,385,100.42K,0.58%
258,395.75,387.5,396.5,386,200.46K,2.26%
259,394.25,395.5,397.25,393,140.85K,-0.38%
260,380.25,392.75,395,378.25,297.05K,-3.55%
261,397.75,380.75,398.75,380.5,272.44K,4.60%
262,397.75,401.25,402.5,393.25,170.71K,0.00%
263,393.25,397,398.5,392.5,143.68K,-1.13%
264,391.75,392,392.75,387.5,139.68K,-0.38%
265,394.75,391.75,397.25,391.5,141.53K,0.77%
266,391,394,395.75,389.75,122.01K,-0.95%
267,387.25,390,393.75,386.5,150.19K,-0.96%
268,388,387,392.5,385,136.69K,0.19%
269,387.75,387.75,389.5,384,117.56K,-0.06%
270,386.75,388.5,390.75,385.25,130.66K,-0.26%
271,386.75,387,390,385.75,131.68K,0.00%
272,384,386,386.5,383.25,122.79K,-0.71%
273,386.25,383.5,387.5,382,153.73K,0.59%
274,390.75,385.75,391.25,385.25,177.03K,1.17%
275,390,390.25,391,384.75,176.19K,-0.19%
276,389.25,389.25,391.75,386.25,151.94K,-0.19%
277,383.25,386.75,387.75,383,145.37K,-1.54%
278,381.75,383.25,384.75,380.5,157.13K,-0.39%
279,378.75,382.25,385,377.5,185.34K,-0.79%
280,375.25,379.25,380,373.75,219.15K,-0.92%
281,377.25,375.25,383.75,372.5,343.77K,0.53%
282,373.25,376,377,372.5,211.22K,-1.06%
283,377.75,373.5,378,372.75,220.51K,1.21%
284,375.25,377,377.75,375,195.98K,-0.66%
285,375.75,375.25,377.5,374.5,144.89K,0.13%
286,371.25,375.5,376.5,370.75,140.18K,-1.20%
287,367.75,371,371.75,367.5,206.27K,-0.94%
288,370,367.75,373,367.75,202.02K,0.61%
289,366.75,369.75,370.5,365.75,297.02K,-0.88%
290,368.5,366.75,369.75,366.25,158.70K,0.48%
291,368.75,368,370.25,367.5,228.11K,0.07%
292,370.5,368.75,372.75,368.25,199.30K,0.47%
293,367.5,369.75,370.5,367,207.68K,-0.81%
294,362.75,367.25,368.75,362.25,163.97K,-1.29%
295,373.5,373.5,373.5,373.5,-,2.96%
296,371.25,365.75,372.25,365,15.51K,-0.60%
297,380.75,380.75,380.75,380.75,-,2.56%
298,373.5,371.75,375.5,370,6.28K,-1.90%
299,372,373.75,376.25,371.5,4.94K,-0.40%
300,368.75,371.75,373.5,367.75,2.99K,-0.87%
301,365.5,368.5,369.75,365.25,3.03K,-0.88%
302,366.5,364.75,368.75,364.75,0.96K,0.27%
303,365.75,366.5,368,365,0.64K,-0.20%
304,363.25,365.75,367,362.5,0.89K,-0.68%
305,357.75,363,363,357,0.26K,-1.51%
306,367,358.25,368.75,358.25,0.66K,2.59%
307,366.25,373.75,374.5,366.25,0.09K,-0.20%
308,388,383.5,389.5,383.25,180.90K,5.94%
309,390,387.5,390.5,386.25,118.24K,0.52%
310,387,389.25,390,385.75,125.53K,-0.77%
311,386.5,387,389,385,99.13K,-0.13%
312,387.75,386.5,389.5,386,85.33K,0.32%
313,388.75,388,390.25,387.25,82.26K,0.26%
314,387.5,388.5,389,387,50.42K,-0.32%
315,388.25,388.25,388.25,388.25,-,0.19%
316,388.5,388,389,386.5,49.93K,0.06%
317,390,388,391,388,85.21K,0.39%
318,388.25,389.25,392,386.75,123.53K,-0.45%
319,387.75,388.25,389.75,386.25,85.10K,-0.13%
320,387.25,387.25,387.25,387.25,-,-0.13%
321,391.5,387.75,392,387.25,103.99K,1.10%
322,386.5,391.5,392,385.5,125.93K,-1.28%
323,384.75,386.25,387.75,382.75,112.13K,-0.45%
324,384.5,385,385.75,383.5,93.54K,-0.06%
325,384.25,384,385.5,382.25,135.52K,-0.07%
326,383.25,383.75,387,382.25,130.94K,-0.26%
327,385.75,383.25,386.75,376.5,226.66K,0.65%
328,389.5,386.5,389.5,385.5,139.99K,0.97%
329,389,389.25,390.5,388.25,115.96K,-0.13%
330,387.5,388.75,390.25,386.5,141.48K,-0.39%
331,375.5,387.25,387.75,375.25,230.56K,-3.10%
332,389.25,377,389.5,376.75,293.12K,3.66%
333,387.5,389,389.25,384.25,182.96K,-0.45%
334,388.75,387.5,391,386.75,155.60K,0.32%
335,393.75,388.5,394,387.5,256.30K,1.29%
336,387.25,393.25,393.25,386.5,196.12K,-1.65%
337,380.5,384.25,384.75,377.25,264.47K,-1.74%
338,386.5,382.5,387,378.5,243.27K,1.58%
339,384.25,385.5,388.25,382.75,136.81K,-0.58%
340,379.5,384.5,385,378.5,160.21K,-1.24%
341,381.25,381.5,382.75,378.75,151.81K,0.46%
342,378.75,380.5,382,376.5,216.44K,-0.66%
343,382.25,378.25,383.5,378.25,176.00K,0.92%
344,380.75,381.5,383.25,379.5,122.10K,-0.39%
345,379.25,380.25,381.75,376,191.89K,-0.39%
346,383.5,380.25,385,380,256.72K,1.12%
347,381.75,383.25,383.5,379,219.02K,-0.46%
348,379.75,381,382,378,200.41K,-0.52%
349,383,379.75,383.75,378.25,241.46K,0.86%
350,379.5,382.25,382.75,379,202.46K,-0.91%
351,377.75,379.5,381.5,376.25,216.86K,-0.46%
352,383,378.5,383.25,378,215.11K,1.39%
353,380.5,382.25,382.75,378.5,172.27K,-0.65%
354,378.5,380.75,381.25,378,173.14K,-0.53%
355,377,378.25,380.5,376.25,169.07K,-0.40%
356,372.25,376.25,376.25,370,170.53K,-1.26%
357,372.5,373,374.75,371.25,119.87K,0.07%
358,370.5,372,374,368.25,268.80K,-0.54%
359,364.5,369.75,370,361.75,156.14K,-1.62%
360,366.5,364.5,367.25,362.75,18.81K,0.55%
361,374.75,366.5,375.75,366,6.09K,2.25%
362,381.75,375.75,383.75,375.75,3.19K,1.87%
363,387,382,388.5,380,3.28K,1.38%
364,384.5,387.5,387.5,382,1.83K,-0.65%
365,377.25,383.75,385.5,377,1.28K,-1.89%
366,370.38,370.38,370.38,370.38,-,-1.82%
367,374.25,372,377.5,368.5,0.92K,1.04%
368,380,379,381.5,377.5,0.61K,1.54%
369,379.25,380.25,380.5,377,0.94K,-0.20%
370,369.75,377.5,377.5,367,0.34K,-2.50%
371,370.75,370,375.5,370,0.12K,0.27%
372,362.62,362.62,362.62,362.62,-,-2.19%
373,354.75,362.5,367.75,354,188.79K,-2.17%
374,344,355.25,356.75,342.75,219.22K,-3.03%
375,335.25,344,345.25,332,229.88K,-2.54%
376,345.5,336.5,354.75,336.5,-,3.06%
377,343.75,346.5,356.75,342.25,-,-0.51%
378,340.38,340.38,340.38,340.38,-,-0.98%
379,343.5,340.25,345.5,338.25,-,0.92%
380,347.25,343.5,350.5,338,-,1.09%
381,348.5,347.5,352.75,345.75,-,0.36%
382,348.75,348.25,349.25,343.75,-,0.07%
383,346,348.5,350,342.5,-,-0.79%
384,342.75,342.75,342.75,342.75,-,-0.94%
385,341.25,343,346.75,340,108.49K,-0.44%
386,340.75,341.75,344.75,333.5,208.19K,-0.15%
387,334.75,341.25,342.75,333.5,151.93K,-1.76%
388,333.5,335,343.25,333,151.69K,-0.37%
389,330.75,334.5,338.5,328,158.65K,-0.82%
390,329.38,329.38,329.38,329.38,-,-0.41%
391,327.75,329.75,331.75,325.5,111.04K,-0.49%
392,331.5,328,335.5,328,157.37K,1.14%
393,330,332,334,328.25,151.31K,-0.45%
394,331.75,330.75,333.5,328,169.67K,0.53%
395,332.25,332.25,332.25,332.25,-,0.15%
396,332.62,332.62,332.62,332.62,-,0.11%
397,331.5,332.25,334,326.5,147.09K,-0.34%
398,326,331.25,332,325.75,191.91K,-1.66%
399,319.25,326,326.75,317.5,161.44K,-2.07%
400,319.75,318.75,323,317.75,136.58K,0.16%
401,322.25,319.75,325.5,319.5,99.36K,0.78%
402,322.38,322.38,322.38,322.38,-,0.04%
403,314.25,322.5,323.25,313.5,150.68K,-2.52%
404,309.25,314.25,316.25,301,197.93K,-1.59%
405,317.5,310,320.25,308.25,146.97K,2.67%
406,319.25,317,323.5,315,136.85K,0.55%
407,315.75,319.25,320.75,312,113.48K,-1.10%
408,322.38,322.38,322.38,322.38,-,2.10%
409,305.5,315,315.75,304.25,108.69K,-5.24%
410,302.75,305,308.5,301.25,138.10K,-0.90%
411,304.5,302.75,308.75,300.25,121.80K,0.58%
412,311.5,305.25,313,303.5,11.09K,2.30%
413,311.5,311,311.5,308,3.51K,0.00%
414,316.88,316.88,316.88,316.88,-,1.73%
415,310.75,309.5,310,305.5,2.62K,-1.93%
416,313,310.5,314.75,310.5,0.87K,0.72%
417,311.75,315,315,311,0.52K,-0.40%
418,316,313.5,318,313.25,1.08K,1.36%
419,319,317.75,321.75,317.5,1.07K,0.95%
420,320.88,320.88,320.88,320.88,-,0.59%
421,318.5,320,322.25,318,0.33K,-0.74%
422,323.75,318.75,324.5,312.75,0.27K,1.65%
423,320.25,323.5,323.5,320,0.09K,-1.08%
424,320.25,318.12,318.88,315.62,0.06K,0.00%
425,319.25,317.75,320.5,316.75,101.61K,-0.31%
426,320.62,320.62,320.62,320.62,-,0.43%
427,320.75,320,322,318,99.37K,0.04%
428,321.25,320.75,325.5,320.5,126.38K,0.16%
429,319.5,321.25,321.5,317.25,154.47K,-0.54%
430,317.75,319,320.25,316.25,115.12K,-0.55%
431,318,317.75,319,316,97.19K,0.08%
432,316.88,316.88,316.88,316.88,-,-0.35%
433,319,316.75,323,316.5,145.18K,0.67%
434,320.5,320,321.75,319.25,78.42K,0.47%
435,327.5,320.25,330.75,319.5,246.97K,2.18%
436,325.75,327.5,329.5,323.25,192.31K,-0.53%
437,325.12,325.38,325.38,325.12,-,-0.19%
438,323.25,325.5,327.75,319.25,151.32K,-0.58%
439,324.25,323.5,325.25,322,130.47K,0.31%
440,324,324.25,324.5,321.25,128.01K,-0.08%
441,329,324.25,329.5,324,155.61K,1.54%
442,331.25,328.75,332.5,328.25,215.91K,0.68%
443,333.38,333.38,333.38,333.38,-,0.64%
444,333.75,333.5,334.75,331,206.34K,0.11%
445,327.5,332.25,334,326.75,253.63K,-1.87%
446,326.25,327.25,328,324.25,243.29K,-0.38%
447,329.75,326,331,325.25,272.98K,1.07%
448,330,329.5,333,328.25,236.62K,0.08%
449,328.88,328.88,328.88,328.88,-,-0.34%
450,329.25,329.25,330,325.5,170.74K,0.11%
451,329,331.75,334.5,328,229.10K,-0.08%
452,330.25,328,331.25,325,225.64K,0.38%
453,331,329.75,333.75,328.75,201.44K,0.23%
454,332.5,329.75,333.75,327.5,170.57K,0.45%
455,331.62,331.62,331.62,331.62,-,-0.26%
456,328.25,332,332.25,328,134.48K,-1.02%
457,325,327.5,327.5,321.25,185.86K,-0.99%
458,324.25,324.5,329,323.75,180.31K,-0.23%
459,317.25,323.5,324.25,315,194.69K,-2.16%
460,317,317,319.75,313.5,216.58K,-0.08%
461,316,316.5,316.5,316,-,-0.32%
462,326.25,316.75,326.5,316,150.22K,3.24%
463,338.5,325.25,342,323.75,21.41K,3.75%
464,348.25,338.5,351.25,337.5,4.58K,2.88%
465,342.5,347.5,350.25,342.25,2.49K,-1.65%
466,345.25,345,345.25,345,-,0.80%
467,346.5,348.25,349,345.25,2.09K,0.36%
468,345,347.5,347.5,341.75,1.27K,-0.43%
469,348.25,343.5,348.5,341,0.35K,0.94%
470,351.25,349,356.5,348.25,0.50K,0.86%
471,340.5,350.25,352,340,0.81K,-3.06%
472,333.12,333.12,333.12,333.12,-,-2.17%
473,334,337.25,337.25,332,0.44K,0.26%
474,334.75,334,336.5,324.5,0.15K,0.22%
475,326.25,326,328.75,322.75,101.70K,-2.54%
476,330.25,326,333.25,326,109.53K,1.23%
477,333,330.25,334.75,330.25,83.69K,0.83%
478,332.62,332.62,332.62,332.62,-,-0.11%
479,328.25,333,333.5,326,105.21K,-1.31%
480,322.75,327.75,327.75,322,132.25K,-1.68%
481,327.5,323,328,322.25,122.91K,1.47%
482,328,327.25,329.5,325,92.65K,0.15%
483,326.25,328,329.75,325.5,144.24K,-0.53%
484,324.62,324.62,324.62,324.62,-,-0.50%
485,325,325.25,327.5,323.25,96.02K,0.12%
486,320,323,323.5,320,110.74K,-1.54%
487,315.5,320,321.5,315.25,136.66K,-1.41%
488,315.75,315.5,319.25,315.25,120.45K,0.08%
489,316,315.75,317.5,314.5,77.06K,0.08%
490,315.12,315.12,315.12,315.12,-,-0.28%
491,317.5,315,318.25,315,83.19K,0.76%
492,308.25,316.5,316.75,308.25,161.83K,-2.91%
493,311,309,311.25,309,103.36K,0.89%
494,311.25,310.5,312.75,309.5,106.03K,0.08%
495,307.75,311,311.75,307.25,124.48K,-1.12%
496,307.62,307.62,307.62,307.62,-,-0.04%
497,310.5,307.5,311.75,307.5,167.51K,0.94%
498,311.5,311.25,315,310.25,170.71K,0.32%
499,314.5,311.25,315,308,209.80K,0.96%
500,325.25,315,327.5,314.75,317.36K,3.42%
501,324.5,324.5,325.25,321.5,160.38K,-0.23%
502,327.12,327.12,327.12,327.12,-,0.81%
503,331,327,331,326.5,111.93K,1.19%
504,327,330,332,325.75,130.09K,-1.21%
505,325,326,327.25,323.5,87.62K,-0.61%
506,324.5,324.25,325.75,320.75,92.74K,-0.15%
507,327,324.75,327.75,324.25,134.88K,0.77%
508,328.12,328.12,328.12,328.12,-,0.34%
509,331.75,328,332.5,327.5,126.82K,1.11%
510,340.75,335,341.5,334.75,147.00K,2.71%
511,340.5,340.25,341.25,337.25,89.22K,-0.07%
512,344.25,340,344.75,339,123.79K,1.10%
513,346,343.25,347.75,340.75,94.06K,0.51%
514,348.88,348.88,348.88,348.88,-,0.83%
515,348.5,348.75,353,346,11.03K,-0.11%
516,349.5,347.75,350,343.25,3.70K,0.29%
517,349.75,349.25,350.5,345.25,2.61K,0.07%
518,344.5,349.75,350,343.75,1.45K,-1.50%
519,347.25,344,349,343.5,1.68K,0.80%
520,344.5,344.5,344.5,344.5,-,-0.79%
521,351,348,353,346,0.87K,1.89%
522,350,349.75,351.25,348.5,0.11K,-0.28%
523,357.25,349.75,357.75,349.75,0.67K,2.07%
524,365,355.5,366,355.5,0.68K,2.17%
525,357.5,366.75,366.75,359,0.22K,-2.05%
526,366,369,369.5,365.25,133.02K,2.38%
527,371.75,365.5,372,361.75,158.94K,1.57%
528,375.25,371.5,377.25,368,235.21K,0.94%
529,378.5,374.25,379.25,373.25,180.03K,0.87%
530,376.88,376.88,376.88,376.88,-,-0.43%
531,369.75,377.5,378.25,368.25,192.76K,-1.89%
532,369.25,369.75,373.25,365.75,159.15K,-0.14%
533,368.5,368.25,370.25,365.75,122.19K,-0.20%
534,363.5,368,368.25,363,152.37K,-1.36%
535,365.25,363.25,367.5,363,130.07K,0.48%
536,364.38,364.38,364.38,364.38,-,-0.24%
537,366.75,364.25,369.75,360.5,162.09K,0.65%
538,364.75,366.75,367.75,361,137.62K,-0.55%
539,379,364.25,382.75,362,337.54K,3.91%
540,382.75,379,385.5,378,216.36K,0.99%
541,379.75,381.5,383.25,377.25,164.09K,-0.78%
542,378.62,378.62,378.62,378.62,-,-0.30%
543,379.5,378.75,382.5,377.75,119.04K,0.23%
544,385,378.5,389.25,378.5,213.44K,1.45%
545,388.75,384.5,392,384,186.78K,0.97%
546,387,389,394.5,386.5,202.96K,-0.45%
547,395,387,398.25,386.5,280.95K,2.07%
548,395.88,395.88,395.88,395.88,-,0.22%
549,389,395.5,399.25,387.25,193.54K,-1.74%
550,391.25,389,392.75,388,130.27K,0.58%
551,396.5,391,397.5,388,183.51K,1.34%
552,403.75,396,404.25,393.5,245.38K,1.83%
553,402,403.25,409,401.75,-,-0.43%
